
<?xml-model href="RelaxNgExercise3.rnc" type="application/relax-ng-compact-syntax"?>
<xml>
        <source>
                 <title><apollo13></apollo13></title>

        <doc source="nasa" type="techtranscript"/>
        <head>
                <!-- These are pages 128 and 129 from the 624-page "NASA APOLLO 13 TECHNICAL AIR-TO-GROUND VOICE TRANSCRIPTION" -->
                <crew>
                        <person role="CDR">James Lovell</person> <!--NASA role: Commander -->
                        <person role="CMP">Jack Swigert</person> <!--NASA role: Command Module Pilot -->
                        <person role="LMP">JFred Haise</person> <!--NASA role: Lunar Module Pilot -->
                </crew>
                <groundControl>
                        <person role="CC">Jack Lousma</person> <!--NASA role: Capsule Communicator "CapCom" -->    </groundControl>
        </head>
          </source>
                
        <body>      <!--Regex format of xsd:duration datatype: PT\d+H\d+M\d+S -->
                <transmission MET="PT055H48M40S" com="CC">Apollo 13, Houston. The next thing we'd like
                        you to do is to - -</transmission>
                <transmission MET="PT055H48M45S" com="CMP">Go ahead.</transmission>
                <transmission MET="PT055H48M46S" com="CC">- - we'd like you to roll right to 060 and
                        null your rates for photography of the Comet Bennett. To do that, we would
                        like you to enable quads C and D. For the maneuver, use all your quads. And
                        in precisely 1 minute, we'd like you to terminate the battery charge on
                        battery B. One other request, we'd like to have you verify -
                        -</transmission>
                <transmission MET="PT055H49M12S" com="CMP">Okay. Will do.</transmission>
                <transmission MET="PT055H49M14S" com="CC">One other request, we'd like you to verify
                        your high gain configuration. We'd like to know what track mode, what
                                <panel>SERVO</panel>, and what beam width.</transmission>
                <transmission MET="PT055H49M25S" com="CMP">Okay, Jack, during the TV, we were
                                <panel>AUTO TRACK</panel>, <panel>NARROW BEAM WIDTH</panel>, and the
                                <panel>PRIMARY ELECTRONICS</panel>. And we had a good lockup. Just
                        after we started the maneuver, I was able to lock you up and get real good
                        signal strength, and it just seemed that right there at about 239 degrees in
                        yaw, that the signal strength would just drop off and yaw would go to zero
                        and pitch would go to 90.</transmission>
                <transmission MET="PT055H50M05S" com="CC">Roger. We copy, and the TV show was
                        great.</transmission>
                <transmission MET="PT055H50M12S" com="CMP">Okay, real fine. Okay, I'm going to maneuver
                        to 060, 090, and 0.</transmission>
                <transmission MET="PT055H50M31S" com="CC">And, 13, we'd like you to check C-4
                        thruster.</transmission>
                <transmission MET="PT055H51M33S" com="CMP">Okay, Jack. The battery charge has been
                        terminated on the battery B.</transmission>
                <transmission MET="PT055H51M38S" com="CC">Roger. We see it, Jack. And we got a reading
                        of minus 2 degrees on the docking index. We'd like to know it that's 2.0
                        precise or if it's 2.1 or 1.9.</transmission>
                <transmission MET="PT055H51M54S" com="CMP">No. It's a minus 2.0
                        precisely.</transmission>
                <transmission MET="PT055H51M56S" com="CC">Thank you.</transmission>
                <transmission MET="PT055H52M58S" com="CC">13, we've got one more item for you, when you
                        get a chance. We'd like you to stir up your cryo tanks. In addition, I have
                        shaft and trunnion - -</transmission>
                <transmission MET="PT055H53M06S" com="CMP">Okay.</transmission>
                <transmission MET="PT055H53M07S" com="CC">- - for looking at the Comet Bennett, if you
                        need it.</transmission>
                <transmission MET="PT055H53M12S" com="CMP">Okay. Stand by.</transmission>
                <O2-tank-anomaly/>
                <transmission MET="PT055H55M19S" com="LMP">Okay, Houston - -</transmission>
                <transmission MET="PT055H55M20S" com="CDR">I believe we've had a problem
                        here.</transmission>
                <transmission MET="PT055H55M28S" com="CC">This is Houston. Say again,
                        please.</transmission>
                <transmission MET="PT055H55M35S" com="CDR">Houston, we've had a problem. We've had a
                                <MCandW>MAIN B BUS UNDERVOLT</MCandW>.</transmission>
                <transmission MET="PT055H55M42S" com="CC">Roger. MAIN B UNDERVOLT.</transmission>
                <transmission MET="PT055H55M58S" com="CC">Okay, stand by, 13. We're looking at
                        it.</transmission>
                <transmission MET="PT055H56M10S" com="LMP">Okay. Right now, Houston, the voltage is -
                        is looking good. And we had a pretty large bang associated with the CAUTION
                        AND WARNING there. And as I recall, MAIN B was the one that had had an amp
                        spike on it once before.</transmission>
                <transmission MET="PT055H56M40S" com="CC">Roger, Fred.</transmission>
                <transmission MET="PT055H56M54S" com="LMP">In the interim here, we're starting to go
                        ahead and button up the tunnel again.</transmission>
                <transmission MET="PT055H57M01S" com="CC">Roger.</transmission>
                <transmission MET="PT055H57M04S" com="LMP">Yes. That jolt must have rocked the sensor
                        on - see now - <panel>0^ QUANTITY 2</panel>. It - was oscillating down
                        around 20 to 6O percent. Now it's full- scale high again.</transmission>
                <transmission MET="PT055H57M22S" com="CC">Roger.</transmission>
                <transmission MET="PT055H57M30S" com="CDR">And, Houston, we had a
                                <MCandW>RESTART</MCandW> on our computer and we had a
                                <panel>PGNCS</panel> light and the <panel>RESTART
                        RESET</panel>.</transmission>
                <transmission MET="PT055H57M37S" com="CC">Roger. RESTART and a PGNCS light. RESET on a
                        PGNCS, RESET - -</transmission>
                <transmission MET="PT055H57M44S" com="CDR">Okay. And we're looking at our S -
                                <panel>SERVICE MODULE RCS HELIUM 1</panel>. We have - B is barber
                        poled and D is barber poled, <panel>HELIUM 2</panel>, D is barber pole, and
                                <panel>SECONDARY PROPELLANTS</panel>, I have A and C barber pole.
                                <panel>BMAG temperatures</panel>?</transmission>
                <transmission MET="PT055H58M07S" com="LMP">Okay, <panel>AC 2</panel> is showing zip.
                        I'm going to try to reconfigure on that, Jack.</transmission>
                <transmission MET="PT055H58M13S" com="CC">Roger.</transmission>
                <transmission MET="PT055H58M25S" com="LMP">Yes. We got a <MCandW>MAIN BUS A
                                UNDERVOLT</MCandW> now, too, showing.</transmission>
                <transmission MET="PT055H58M29S" com="CC">MAIN A UNDERVOLT.</transmission>
             
                <closing>Ending of document </closing>  
        </body>

</xml>

