<?xml-model href="GingerSnapsRNG.rnc" type="application/relax-ng-compact-syntax"?>

<xml>
  <source>
        
        <title level="recipe">Gingersnaps</title>
  </source>
  
<description>These crunchy, spicy rounds with their cracked, sugary tops are equally at home dunked in tea, coffee, or milk, and frequently enjoyed during the November/December holiday season. But they're just as welcome on a mellow, golden, late-September afternoon, with a comfortable lounge chair and a large glass of fresh-squeezed lemonade.</description>

    <stepGroup>
    
<Prep><step1 n="1">Prep
<preptime>12 mins</preptime>
Bake
<preptime>11 to 13 mins</preptime>
Total
<preptime>23 mins</preptime>
<amount>Yield</amount>
about <amount>5 dozen</amount> cookies
Gingersnaps
Ingredients</step1></Prep>
        
    </stepGroup>
    
    <stepGroup>
Cookies

        <measure ref=".75">3/4 cup</measure> <ounces ref="4.87">(138g)</ounces> vegetable shortening*
        <measure ref="1.0">1 cup</measure> <ounces ref="6.98">(198g)</ounces> granulated sugar
        <measure ref=".50">1/2 teaspoon</measure> salt
        <gram ref="8.4">2 teaspoons</gram> baking soda
1 large egg
        <measure ref=".3">1/3 cup</measure> <ounces ref="3.99">(113g)</ounces> molasses
        <measure ref=".5">2 1/3 cups</measure> <ounces ref="9.88">(280g)</ounces> King Arthur Unbleached All-Purpose Flour
<ounces ref=".167to.33"></ounces>1 to 2 teaspoons ginger
        <ounces ref=".083">1/2 teaspoon</ounces> cloves
        <ounces ref=".167">1 teaspoon</ounces> cinnamon

*Can you substitute butter for the vegetable shortening? Yes; but the cookies will be soft, not crisp.
</stepGroup>
    <stepGroup>
Coating

    <measure ref=".25">1/4 cup</measure> <ounces ref="1.76">(50g)</ounces> granulated sugar
    <ounces ref=".167">1 teaspoon</ounces> cinnamon
    
Instructions

Preheat the oven to <celcius ref="190.56">375°F.</celcius> Lightly grease (or line with parchment) two baking sheets.

Beat together the shortening, sugar, salt, and baking soda.

Beat in the egg, then the molasses.

Add the flour and spices, beating to make a smooth, fairly stiff dough.

To make the coating, combine the sugar and cinnamon, and place in a shallow pan or dish.

Drop the dough in 1" balls into the cinnamon-sugar mixture; a teaspoon cookie scoop is perfect here.

Roll the balls in the sugar to coat, then transfer them to the prepared baking sheets, leaving at least 1 1/2" between them; they'll spread as they bake.

Bake the cookies for 11 minutes, for cookies that are crisp around the edges, and "bendy" in the center. Bake for 13 minutes, for cookies that are crisp/crunchy all the way through.

Remove the cookies from the oven, and cool right on the pan, or on a rack. Cool completely, then store tightly wrapped, at room temperature.   </stepGroup>

</xml>

